AI Chief Financial Officer,C,R,01-009_ai_chief_financial_officer.jpg
Artificial Security Directors,C,R,01-019_artificial_security_directors.jpg
Bioweapons Engineering,C,R,01-031_bioweapons_engineering.jpg
Black Ice Quality Assurance,C,R,01-034_black_ice_quality_assurance.jpg
Corporate Boon,C,V,01-065_corporate_boon.jpg
Corporate Coup,C,V,01-066_corporate_coup.jpg
Corporate Downsizing,C,V,01-068_corporate_downsizing.jpg
Corporate Retreat,C,V,01-070_corporate_retreat.jpg
Corporate War,C,V,01-071_corporate_war.jpg
Data Fort Reclamation,C,V,01-085_data_fort_reclamation.jpg
Detroit Police Contract,C,V,01-100_detroit_police_contract.jpg
Employee Empowerment,C,V,01-114_employee_empowerment.jpg
Encryption Breakthrough,C,R,01-116_encryption_breakthrough.jpg
Executive Extraction,C,R,01-121_executive_extraction.jpg
Genetics-Visionary Acquisition,C,R,01-145_genetics-visionary_acquisition.jpg
Hostile Takeover,C,V,01-156_hostile_takeover.jpg
Ice Transmutation,C,V,01-165_ice_transmutation.jpg
Main-Office Relocation,C,V,01-194_main-office_relocation.jpg
Marine Arcology,C,V,01-197_marine_arcology.jpg
Netwatch Operations Office,C,V,01-215_netwatch_operations_office.jpg
On-Call Solo Team,C,V,01-228_on-call_solo_team.jpg
Political Coup,C,V,01-243_political_coup.jpg
Political Overthrow,C,R,01-244_political_overthrow.jpg
Polymer Breakthrough,C,V,01-246_polymer_breakthrough.jpg
Priority Requisition,C,V,01-250_priority_requisition.jpg
Private Cybernet Police,C,V,01-252_private_cybernet_police.jpg
Project Babylon,C,V,01-254_project_babylon.jpg
Security Net Optimization,C,V,01-291_security_net_optimization.jpg
Security Purge,C,R,01-292_security_purge.jpg
Strike Force Kali,C,R,01-320_strike_force_kali.jpg
Subsidiary Branch,C,V,01-323_subsidiary_branch.jpg
Superior Net Barriers,C,R,01-325_superior_net_barriers.jpg
Tycho Extension,C,V,01-350_tycho_extension.jpg
Asp,C,C,01-020_asp.jpg
Ball and Chain,C,U,01-027_ball_and_chain.jpg
Banpei,C,C,01-028_banpei.jpg
Bolter Cluster,C,C,01-040_bolter_cluster.jpg
Canis Major,C,U,01-044_canis_major.jpg
Canis Minor,C,U,01-045_canis_minor.jpg
Cerberus,C,C,01-047_cerberus.jpg
Cinderella,C,U,01-052_cinderella.jpg
Code Corpse,C,U,01-058_code_corpse.jpg
Cortical Scanner,C,R,01-073_cortical_scanner.jpg
Cortical Scrub,C,C,01-074_cortical_scrub.jpg
Crystal Wall,C,C,01-079_crystal_wall.jpg
D'Arc Knight,C,C,01-082_d_arc_knight.jpg
Data Darts,C,U,01-084_data_darts.jpg
Data Naga,C,U,01-087_data_naga.jpg
Data Raven,C,U,01-088_data_raven.jpg
Data Wall,C,C,01-089_data_wall.jpg
Data Wall 2.0,C,C,01-089_data_wall.jpg
Endless Corridor,C,R,01-117_endless_corridor.jpg
Fang,C,C,01-130_fang_20.jpg
Fang 2.0,C,C,01-130_fang_20.jpg
Fatal Attractor,C,R,01-131_fatal_attractor.jpg
Fetch 4.0.1,C,C,01-132_fetch_401.jpg
Filter,C,C,01-134_filter.jpg
Fire Wall,C,C,01-135_fire_wall.jpg
Fragmentation Storm,C,U,01-143_fragmentation_storm.jpg
Haunting Inquisition,C,R,01-152_haunting_inquisition.jpg
Homewrecker,C,C,01-155_homewrecker.jpg
Hunter,C,U,01-160_hunter.jpg
Ice Pick Willie,C,C,01-164_ice_pick_willie.jpg
Jack Attack,C,U,01-173_jack_attack.jpg
Keeper,C,C,01-182_keeper.jpg
Laser Wire,C,R,01-186_laser_wire.jpg
Liche,C,U,01-188_liche.jpg
Mastiff,C,U,01-198_mastiff.jpg
Mazer,C,U,01-199_mazer.jpg
Nerve Labyrinth,C,R,01-212_nerve_labyrinth.jpg
Neural Blade,C,C,01-216_neural_blade.jpg
PI in the 'Face,C,C,01-237_pi_in_the_face.jpg
Pocket Virtual Reality,C,U,01-242_pocket_virtual_reality.jpg
Quandary,C,C,01-257_quandary.jpg
Razor Wire,C,R,01-267_razor_wire.jpg
Reinforced Wall,C,R,01-271_reinforced_wall.jpg
Rex,C,C,01-276_rex.jpg
Rock is Strong,C,U,01-279_rock_is_strong.jpg
Scramble,C,C,01-289_scramble.jpg
Sentinels Prime,C,U,01-295_sentinels_prime.jpg
Shock.r,C,U,01-299_shockr.jpg
Shotgun Wire,C,R,01-301_shotgun_wire.jpg
Sleeper,C,C,01-309_sleeper.jpg
TKO 2.0,C,C,01-338_tko_20.jpg
Too Many Doors,C,R,01-340_too_many_doors.jpg
Triggerman,C,C,01-345_triggerman.jpg
Tutor,C,R,01-348_tutor.jpg
Vacuum Link,C,R,01-355_vacuum_link.jpg
Viral 15,C,U,01-359_viral_15.jpg
Virizz,C,U,01-360_virizz.jpg
Wall of Ice,C,R,01-362_wall_of_ice.jpg
Wall of Static,C,C,01-363_wall_of_static.jpg
Zombie,C,C,01-373_zombie.jpg
ACME Savings and Loan,C,U,01-006_acme_savings_and_loan.jpg
BBS Whispering Campaign,C,C,01-030_bbs_whispering_campaign.jpg
Blood Cat,C,R,01-036_blood_cat.jpg
Braindance Campaign,C,C,01-041_braindance_campaign.jpg
Chicago Branch,C,U,01-050_chicago_branch.jpg
City Surveillance,C,R,01-053_city_surveillance.jpg
Corporate Negotiating Center,C,R,01-069_corporate_negotiating_center.jpg
Corprunner's Shattered Remains,C,U,01-072_corprunners_shattered_remains.jpg
Cowboy Sysop,C,U,01-075_cowboy_sysop.jpg
Data Masons,C,R,01-086_data_masons.jpg
Department of Truth Enhancement,C,U,01-097_department_of_truth_enhancement.jpg
Disinfectant Inc.,C,R,01-103_disinfectant_inc.jpg
Encoder Inc.,C,R,01-115_encoder_inc.jpg
ESA Contract,C,U,01-118_esa_contract.jpg
Euromarket Consortium,C,U,01-119_euromarket_consortium.jpg
Experimental AI,C,U,01-123_experimental_ai.jpg
Fortress Architects,C,R,01-141_fortress_architects.jpg
Hacker Tracker Central,C,U,01-150_hacker_tracker_central.jpg
Holovid Campaign,C,C,01-154_holovid_campaign.jpg
I Got a Rock,C,R,01-161_i_got_a_rock.jpg
Information Laundering,C,U,01-169_information_laundering.jpg
Investment Firm,C,U,01-171_investment_firm.jpg
Krumz,C,R,01-185_krumz.jpg
Nevinyrral,C,R,01-217_nevinyrral.jpg
Newsgroup Taunting,C,U,01-221_newsgroup_taunting.jpg
Omniscience Foundation,C,U,01-227_omniscience_foundation.jpg
Pacifica Regional AI,C,R,01-232_pacifica_regional_ai.jpg
Remote Facility,C,U,01-272_remote_facility.jpg
Rescheduler,C,U,01-274_rescheduler.jpg
Rockerboy Promotion,C,C,01-280_rockerboy_promotion.jpg
Rustbelt HQ Branch,C,U,01-284_rustbelt_hq_branch.jpg
Schlaghund,C,R,01-286_schlaghund.jpg
Setup!,C,C,01-296_setup.jpg
Skalderviken SA Beta Test Site,C,R,01-307_skalderviken_sa_beta_test_site.jpg
Solo Squad,C,U,01-315_solo_squad.jpg
South African Mining Corp,C,U,01-316_south_african_mining_corp.jpg
Spinn Public Relations,C,C,01-318_spinn_public_relations.jpg
TRAP!,C,U,01-343_trap.jpg
Vacant Soulkiller,C,U,01-354_vacant_soulkiller.jpg
Vapor Ops,C,U,01-357_vapor_ops.jpg
Virus Test Site,C,U,01-361_virus_test_site.jpg
Accounts Receivable,C,C,01-005_accounts_receivable.jpg
Annual Reviews,C,U,01-011_annual_reviews.jpg
Audit of Call Records,C,C,01-021_audit_of_call_records.jpg
Chance Observation,C,C,01-048_chance_observation.jpg
Closed Accounts,C,U,01-055_closed_accounts.jpg
Corporate Detective Agency,C,U,01-067_corporate_detective_agency.jpg
Datapool by Zetatech,C,U,01-092_datapool_by_zetatech.jpg
Day Shift,C,U,01-093_day_shift.jpg
Edgerunner Inc. Temps,C,U,01-110_edgerunner_inc_temps.jpg
Efficiency Experts,C,C,01-112_efficiency_experts.jpg
Falsified Transactions Expert,C,R,01-128_falsified-transactions_expert.jpg
Management Shake-Up,C,C,01-195_management_shake-up.jpg
Netwatch Credit Voucher,C,C,01-214_netwatch_credit_voucher.jpg
New Blood,C,R,01-218_new_blood.jpg
Night Shift,C,C,01-222_night_shift.jpg
Off-Site Backups,C,U,01-224_off-site_backups.jpg
Overtime Incentives,C,U,01-231_overtime_incentives.jpg
Planning Consultants,C,C,01-240_planning_consultants.jpg
Power Grid Overload,C,U,01-247_power_grid_overload.jpg
Project Consultants,C,U,01-255_project_consultants.jpg
Punitive Counterstrike,C,U,01-256_punitive_counterstrike.jpg
Scorched Earth,C,U,01-287_scorched_earth.jpg
Silver Lining Recovery Protocol,C,R,01-305_silver_lining_recovery_protocol.jpg
Systematic Layoffs,C,C,01-327_systematic_layoffs.jpg
Team Restructuring,C,U,01-328_team_restructuring.jpg
Trojan Horse,C,C,01-346_trojan_horse.jpg
Urban Renewal,C,C,01-353_urban_renewal.jpg
Aardvark,C,R,01-001_aardvark.jpg
Antiquated Interface Routines,C,U,01-013_antiquated_interface_routines.jpg
Bizarre Encryption Scheme,C,U,01-032_bizarre_encryption_scheme.jpg
Chester Mix,C,R,01-049_chester_mix.jpg
Chimera,C,R,01-051_chimera.jpg
Crybaby,C,R,01-077_crybaby.jpg
Crystal Palace Station Grid,C,U,01-078_crystal_palace_station_grid.jpg
Dedicated Response Team,C,U,01-095_dedicated_response_team.jpg
Dieter Esslin,C,R,01-101_dieter_esslin.jpg
Dr. Dreff,C,U,01-105_dr_dreff.jpg
Jenny Jett,C,R,01-177_jenny_jett.jpg
Jerusalem City Grid,C,R,01-178_jerusalem_city_grid.jpg
Namatoki Plaza,C,U,01-210_namatoki_plaza.jpg
New Galveston City Grid,C,R,01-219_new_galveston_city_grid.jpg
Olivia Salazar,C,U,01-225_olivia_salazar.jpg
Omni Kismet Ph.D,C,R,01-226_omni_kismet_phd.jpg
Paris City Grid,C,U,01-234_paris_city_grid.jpg
Red Herrings,C,U,01-269_red_herrings.jpg
Rio de Janeiro City Grid,C,U,01-278_rio_de_janeiro_city_grid.jpg
Roving Submarine,C,R,01-283_roving_submarine.jpg
Singapore City Grid,C,R,01-306_singapore_city_grid.jpg
Tesseract Fort Construction,C,R,01-333_tesseract_fort_construction.jpg
Tokyo-Chiba Infighting,C,R,01-339_tokyo-chiba_infighting.jpg
Turbeaux Delacroix,C,U,01-347_turbeau_delacroix.jpg
Twenty-Four-Hour Surveillance,C,R,01-349_twenty-four-hour_surveillance.jpg
Washington D.C. City Grid,C,R,01-364_washington_dc_city_grid.jpg
Armadillo Armored Road Home,R,U,01-016_armadillo_armored_road_home.jpg
Drifter Mobile Environment,R,U,01-106_drifter_mobile_environment.jpg
Green Knight Surge Buffers,R,C,01-147_green_knight_surge_buffers.jpg
Arasaka Portable Prototype,R,R,01-015_arasaka_portable_prototype.jpg
Armored Fridge,R,U,01-017_armored_fridge.jpg
Artemis 2020,R,U,01-018_artemis_2020.jpg
Bodyweight(tm) Data Creche,R,R,01-038_bodyweight_data_creche.jpg
Corolla Speed Chip,R,C,01-063_corolla_speed_chip.jpg
Dermatech Bodyplating,R,U,01-098_dermatech_bodyplating.jpg
Full Body Conversion,R,R,01-144_full_body_conversion.jpg
HQ Interface,R,C,01-158_hq_interface.jpg
Lifesaver Nanosurgeons,R,R,01-189_lifesaver_nanosurgeons.jpg
Microtech 'Trode Set,R,R,01-202_microtech_trode_set.jpg
Microtech Backup Drive,R,C,01-201_microtech_backup_drive.jpg
Militech MRAM Chip,R,U,01-203_militech_mram_chip.jpg
MRAM Chip,R,U,01-207_mram_chip.jpg
Nasuko Cycle,R,V,01-211_nasuko_cycle.jpg
Pandora's Deck,R,U,01-233_pandoras_deck.jpg
Parraline 5750,R,C,01-235_parraline_5750.jpg
PK-6089a,R,C,01-239_pk-6089a.jpg
R&D Interface,R,C,01-158_hq_interface.jpg
Raven Microcyb Eagle,R,C,01-265_raven_microcyb_eagle.jpg
Raven Microcyb Owl,R,U,01-266_raven_microcyb_owl.jpg
Record Reconstructor,R,R,01-268_record_reconstructor.jpg
Techtronica Utility Suit,R,U,01-330_techtronica_utility_suit.jpg
Tycho Mem Chip,R,C,01-351_tycho_mem_chip.jpg
WuTech Mem Chip,R,C,01-370_wutech_mem_chip.jpg
Zetatech Mem Chip,R,C,01-371_zetatech_mem_chip.jpg
ZZ22 Speed Chip,R,C,01-374_zz22_speed_chip.jpg
Afreet,R,U,01-007_afreet.jpg
AI Boon,R,R,01-008_ai_boon.jpg
Baedeker's Net Map,R,C,01-025_baedekers_net_map.jpg
Bakdoor,R,U,01-026_bakdoor.jpg
Bartmoss Memorial Icebreaker,R,R,01-029_bartmoss_memorial_icebreaker.jpg
Black Dahlia,R,V,01-033_black_dahlia.jpg
Blink,R,U,01-035_blink.jpg
Boardwalk,R,U,01-037_boardwalk.jpg
Butcher Boy,R,U,01-043_butcher_boy.jpg
Cascade,R,U,01-046_cascade.jpg
Cloak,R,C,01-054_cloak.jpg
Clown,R,C,01-056_clown.jpg
Cockroach,R,U,01-057_cockroach.jpg
Codecracker,R,V,01-060_codecracker.jpg
Codeslinger,R,V,01-061_codeslinger.jpg
Cyfermaster,R,V,01-081_cyfermaster.jpg
Deep Thought,R,R,01-096_deep_thought.jpg
Dogcatcher,R,U,01-104_dogcatcher.jpg
Dropp,R,U,01-107_dropp.jpg
Dupre,R,R,01-108_dupre.jpg
Dwarf,R,C,01-109_dwarf.jpg
Emergency Self-Construct,R,R,01-113_emergency_self-construct.jpg
Evil Twin,R,R,01-120_evil_twin.jpg
Expert Schedule Analyzer,R,U,01-124_expert_schedule_analyzer.jpg
Fait Accompli,R,U,01-125_fait_accompli.jpg
False Echo,R,R,01-127_false_echo.jpg
Flak,R,U,01-136_flak.jpg
Force Shield,R,C,01-138_force_shield.jpg
Gremlins,R,U,01-148_gremlins.jpg
Grubb,R,U,01-149_grubb.jpg
Hammer,R,V,01-151_hammer.jpg
I Spy,R,U,01-162_i_spy.jpg
Imp,R,U,01-167_imp.jpg
Incubator,R,R,01-168_incubator.jpg
Invisibility,R,C,01-172_invisibility.jpg
Jackhammer,R,V,01-175_jackhammer.jpg
Japanese Water Torture,R,R,01-176_japanese_water_torture.jpg
Joan of Arc,R,R,01-179_joan_of_arc.jpg
Krash,R,U,01-184_krash.jpg
Loony Goon,R,V,01-192_loony_goon.jpg
Microtech AI Interface,R,R,01-200_microtech_ai_interface.jpg
Mouse,R,U,01-206_mouse.jpg
Mystery Box,R,R,01-208_mystery_box.jpg
Netspace Inverter,R,R,01-213_netspace_inverter.jpg
Newsgroup Filter,R,U,01-220_newsgroup_filter.jpg
Pattel's Virus,R,U,01-236_pattels_virus.jpg
Pile Driver,R,V,01-238_pile_driver.jpg
Poltergeist,R,R,01-245_poltergeist.jpg
Pox,R,U,01-248_pox.jpg
R&D Protocol Files,R,U,01-260_randd-protocol_files.jpg
Rabbit,R,U,01-261_rabbit.jpg
Raffles,R,V,01-262_raffles.jpg
Ramming Piston,R,V,01-263_ramming_piston.jpg
Raptor,R,V,01-264_raptor.jpg
Reflector,R,R,01-270_reflector.jpg
Replicator,R,U,01-273_replicator.jpg
Scatter Shot,R,R,01-285_scatter_shot.jpg
SeeYa,R,C,01-293_seeya.jpg
Self-Modifying Code,R,R,01-294_self-modifying_code.jpg
Shaka,R,V,01-297_shaka.jpg
Shield,R,C,01-298_shield.jpg
Shredder Uplink Protocol,R,U,01-302_shredder_uplink_protocol.jpg
Signpost,R,U,01-303_signpost.jpg
Skivviss,R,U,01-308_skivviss.jpg
Smarteye,R,C,01-310_smarteye.jpg
Snowball,R,R,01-313_snowball.jpg
Speed Trap,R,U,01-317_speed_trap.jpg
Startup Immolator,R,U,01-319_startup_immolator.jpg
Succubus,R,R,01-324_succubus.jpg
Tinweasel,R,V,01-337_tinweasel.jpg
Vewy Vewy Quiet,R,C,01-358_vewy_vewy_quiet.jpg
Wild Card,R,V,01-366_wild_card.jpg
Wizard's Book,R,V,01-368_wizards_book.jpg
Worm,R,V,01-369_worm.jpg
Zetatech Software Installer,R,U,01-372_zetatech_software_installer.jpg
All-Nighter,R,C,01-010_all-nighter.jpg
Anonymous Tip,R,R,01-012_anonymous_tip.jpg
Arasaka Owns You,R,R,01-014_arasaka_owns_you.jpg
Bodyweight Synthetic Blood,R,U,01-039_bodyweight_synthetic_blood.jpg
Core Command: Jettison Ice,R,U,01-062_core_command__jettison_ice.jpg
Custodial Position,R,C,01-080_custodial_position.jpg
Deal with Militech,R,R,01-094_deal_with_militech.jpg
Desperate Competitor,R,R,01-099_desperate_competitor.jpg
Edited Shipping Manifests,R,C,01-111_edited_shipping_manifests.jpg
Executive Wiretaps,R,C,01-122_executive_wiretaps.jpg
Forged Activation Orders,R,R,01-139_forged_activation_orders.jpg
Forgotten Backup Chip,R,C,01-140_forgotten_backup_chip.jpg
Fortress Respecification,R,R,01-142_fortress_respecification.jpg
Gideon's Pawnshop,R,C,01-146_gideons_pawnshop.jpg
Hot Tip for WNS,R,R,01-157_hot_tip_for_wns.jpg
Hunt Club BBS,R,C,01-159_hunt_club_bbs.jpg
Ice and Data's Guide to the Net,R,U,01-163_ice_and_datas_guide_to_the_net.jpg
If You Want It Done Right...,R,C,01-166_if_you_want_it_done_right.jpg
Inside Job,R,U,01-170_inside_job.jpg
Jack 'n' Joe,R,C,01-174_jack_n_joe.jpg
Kilroy Was Here,R,U,01-183_kilroy_was_here.jpg
Livewire's Contacts,R,C,01-190_livewires_contacts.jpg
Lucidrine Booster Drug,R,U,01-193_lucidrine_booster_drug.jpg
Mantis Fixer-at-Large,R,C,01-196_mantis_fixer-at-large.jpg
misc.for-sale,R,R,01-204_miscfor-sale.jpg
MIT West Tier,R,R,01-205_mit_west_tier.jpg
Open-Ended Mileage Program,R,C,01-229_open-ended_mileage_program.jpg
Organ Donor,R,R,01-230_organ_donor.jpg
Playful AI,R,R,01-241_playful_ai.jpg
Priority Wreck,R,R,01-251_priority_wreck.jpg
Private LDL Access,R,U,01-253_private_ldl_access.jpg
Romp through HQ,R,U,01-281_romp_through_hq.jpg
Score!,R,C,01-288_score.jpg
Security Code WORM Chip,R,U,01-290_security_code_worm_chip.jpg
Sneak Preview,R,R,01-312_sneak_preview.jpg
Social Engineering,R,U,01-314_social_engineering.jpg
Stumble through Wilderspace,R,R,01-321_stumble_through_wilderspace.jpg
Synchronized Attack on HQ,R,R,01-326_synchronized_attack_on_hq.jpg
Temple Microcode Outlet,R,C,01-331_temple_microcode_outlet.jpg
Terrorist Reprisal,R,R,01-332_terrorist_reprisal.jpg
Total Genetic Retrofit,R,R,01-342_total_genetic_retrofit.jpg
Valu-Pak Software Bundle,R,U,01-356_valu-pak_software_bundle.jpg
Weather-to-Finance Pipe,R,U,01-365_weather-to-finance_pipe.jpg
Access Through Alpha,R,R,01-002_access_through_alpha.jpg
Access to Arasaka,R,V,01-003_access_to_arasaka.jpg
Access to Kiribati,R,V,01-004_access_to_kiribati.jpg
Aujourd'Oui,R,R,01-022_aujourdoui.jpg
Back Door to Hilliard,R,C,01-023_back_door_to_hilliard.jpg
Back Door to Orbital Air,R,V,01-024_back_door_to_orbital_air.jpg
Broker,R,C,01-042_broker.jpg
Code Viral Cache,R,R,01-059_code_viral_cache.jpg
Corporate Ally,R,R,01-064_corporate_ally.jpg
Crash Everett Inventive Fixer,R,C,01-076_crash_everett_inventive_fixer.jpg
Danshi's Second ID,R,U,01-083_danshis_second_id.jpg
Databroker,R,U,01-091_databroker.jpg
Diplomatic Immunity,R,R,01-102_diplomatic_immunity.jpg
Fall Guy,R,V,01-126_fall_guy.jpg
Field Reporter for Ice and Data,R,R,01-133_field_reporter_for_ice_and_data.jpg
Floating Runner BBS,R,U,01-137_floating_runner_bbs.jpg
Hell's Run,R,U,01-153_hells_run.jpg
Junkyard BBS,R,U,01-180_junkyard_bbs.jpg
Karl de Veres Corporate Stooge,R,U,01-181_karl_de_veres_corporate_stooge.jpg
Leland Corporate Bodyguard,R,C,01-187_leland_corporate_bodyguard.jpg
Loan from Chiba,R,U,01-191_loan_from_chiba.jpg
N.E.T.O.,R,R,01-209_neto.jpg
Nomad Allies,R,V,01-223_nomad_allies.jpg
Preying Mantis,R,R,01-249_preying_mantis.jpg
Quest for Cattekin,R,R,01-258_quest_for_cattekin.jpg
Restrictive Net Zoning,R,U,01-275_restrictive_net_zoning.jpg
Rigged Investments,R,C,01-277_rigged_investments.jpg
Ronin Around,R,R,01-282_ronin_around.jpg
Short-Term Contract,R,C,01-300_short-term_contract.jpg
Silicon Saloon Franchise,R,R,01-304_silicon_saloon_franchise.jpg
Smith's Pawnshop,R,U,01-311_smiths_pawnshop.jpg
Submarine Uplink,R,U,01-322_submarine_uplink.jpg
Technician Lover,R,U,01-329_technician_lover.jpg
The Shell Traders,R,R,01-334_the_shell_traders.jpg
The Short Circuit,R,C,01-335_the_short_circuit.jpg
The Springboard,R,C,01-336_the_springboard.jpg
Top Runners Conference,R,R,01-341_top_runners_conference.jpg
Trauma Team,R,U,01-344_trauma_team.jpg
Umbrella Policy,R,U,01-352_umbrella_policy.jpg
Wilson Weeflerunner Apprentice,R,U,01-367_wilson_weeflerunner_apprentice.jpg